<?xml version="1.0" encoding="UTF-8"?>
<T3locallangExt>
  <data type="array">
    <languageKey index="de" type="array">
			<label index="bodytext.description">Geben Sie hier den Inhalt ein.</label>
			<label index="bodytext.details">Geben Sie hier den Text des Inhaltselements ein. Oft können Sie diesen Text mit einem "Rich-Text-Editor" bearbeiten, der einem einfachen Textverarbeitungssystem ähnelt (siehe unten). Manchmal sehen Sie nur ein einfaches Eingabefeld, z.B. dann, wenn der Text nicht formatierbar ist. Dieses Feld wird in fast allen Inhaltstypen verwendet, so dass beim Wechsel zwischen Typen der Inhalt dieses Feldes nicht verloren ist. Sie können den Typ gefahrlos umschalten und nötigenfalls jederzeit zum alten Typ zurückschalten. &lt;b&gt;Text&lt;/b&gt; und &lt;b&gt;Text und Bilder:&lt;/b&gt; Wenn Sie als Inhaltstyp "Text" oder "Text und Bilder" wählen, ist der Inhalt normaler Text. Jeder harte Zeilenumbruch bewirkt einen neuen Absatz, Sie können das spezielle TYPO3-Tag &amp;lt;LINK&amp;gt; zur Erzeugung eines Links verwenden. Sie können auch verschiedene HTML-Tags verwenden, mit Einschränkungen. &lt;b&gt;Aufzählung:&lt;/b&gt; Wenn Sie den Typ "Aufzählung" ausgewählt haben, ist jede Zeile ein Listeneintrag. &lt;b&gt;Tabelle:&lt;/b&gt; Wenn der Typ "Tabelle" ist, so repräsentiert jede Zeile eine Tabellenzeile. Innerhalb jeder Zeile werden die Spalten durch einen vertikalen Strich getrennt: "|". Eine Tabellenzeile mit drei Spalten könnte so aussehen: "Dies ist Spalte 1 | Spalte 2 hier | Dritte Spalte!" &lt;b&gt;Skript&lt;/b&gt;, &lt;b&gt;Formular&lt;/b&gt;, &lt;b&gt;Multimedia&lt;/b&gt; und &lt;b&gt;HTML:&lt;/b&gt; Typen wie "Skript", "Formular" und "Multimedia" benutzen das Feld für Parameter, die Sie dem Element übergeben können. Und der "HTML"-Typ akzeptiert jede Eingabe als reines HTML, das ohne weitere Bearbeitung auf der Web-Seite ausgegeben wird. &lt;strong&gt;Rich Text Editor:&lt;/strong&gt; Für die Typen "Text", "Text und Bilder" und "Rich Text" wird der Rich-Text-Editor benutzt, vorausgesetzt, dass der Editor grundsätzlich aktiviert ist. Dann haben Sie eine mehr oder minder umfangreiche Werkzeugleiste zur Verfügung, um den Text zu formatieren. Alle Einschränkungen sind beabsichtigt: die &lt;b&gt;Vorlage&lt;/b&gt; ist in der Regel für Formatierung verantwortlich und so beschaffen, dass ein angemessenes, einheitliches Aussehen aller Seiten einer Website garantiert ist. Beachten Sie auch, dass der Inhalt bezüglich HTML "gereinigt" wird, bevor er in die Datenbank geschrieben wird. Ist der "Rich-Text-Editor" in Ihrem Browser nicht verfügbar, dann sehen Sie stattdessen einfaches HTML, dass Sie auch bearbeiten dürfen, wenn Sie die nötigen Kenntnisse haben. Wenden Sie sich bitte an ihre Administratoren, um, bei Bedarf, eine Grundausbildung in HTML oder den "Rich-Text-Editor" zu bekommen. &lt;b&gt;Ein Mail-Formular erstellen:&lt;/b&gt; Wenn Sie den Inhaltstyp "Formular" ausgewählt haben, sollten Sie Parameter in dieses Feld eingeben. Dies ist ein kurzes Beispiel: &lt;nobr&gt; Ihr Name: | *name=input,40 | [Name eingeben!] Ihre E-Mail-Adresse: | *email=input,40 Ihre Adresse: | adresse=textarea,40,10 Ihre Haarfarbe: |haar=radio|Blau=blau, Rot=rot |formtype_mail = submit | Formular senden |subject=hidden| Betrifft: meine Daten |html_enabled=hidden | 1 &lt;/nobr&gt; Die ersten zwei Zeilen erzeugen Eingabefelder für Name und E-Mail, beide sind mit einem "*" als "benötigt" markiert und das name-Feld hat einen Standardwert: "[Name eingeben!]". Die dritte Zeile ist ein Textfeld und die vierte Zeile erstellt Radioknöpfe für die Haarfarbe. Alle vier Zeilen haben je eine Beschriftung Am Schluss folgen drei wichtige Zeilen. Die erste erzeugt eine Sende-Schaltfläche mit der Aufschrift "Formular senden", die zweite Zeile ist der Betreff der E-Mail und die dritte Zeile sorgt dafür, dass das Ergebnis als HTML-Tabelle verschickt wird. Es ist oft einfacher, den Formularassistenten zu benutzen, klicken Sie dazu auf das Symbol rechts neben dem Eingabefeld. &lt;b&gt;Hinweis:&lt;/b&gt; Bevor ein Formular funktionieren kann, müssen Sie eine Empfängeradresse angeben. Das Feld "E-Mail-Empfänger:" ist hierfür vorgesehen (das bei anderen Typen als Untertitel benutzt wird).</label>
			<label index="_bodytext.seeAlso">tt_content:CType, tt_content:subheader, xMOD_csh_corebe:wizard_forms_wiz, xMOD_csh_corebe:wizard_table_wiz</label>
			<label index="category_field.description">Wählen Sie, welches Feld für die Kategorie-Beziehungen genutzt werden soll.</label>
			<label index="category_field.details">Abhängig von Ihrem Setup, kann es mehr als nur ein Feld geben, das zum Aufbauen der Beziehungen zwischen Kategorien und Seiten oder Inhaltselementen benutzt wird. Um eine passende Auswahl für das Menü zu erstellen, müssen Sie das richtige Feld auswählen.</label>
			<label index="colPos.description">Wählen Sie die Spaltenposition des Elements. Beachten Sie, dass damit die Sichtbarkeit des Elements beeinflusst wird.</label>
			<label index="colPos.details">Die meisten Webseiten verwenden nur eine Spalte für Inhalte. Bei manchen Vorlagen können Sie jedoch Inhalte in mehrere Spalten einfügen und mit dieser Option können Sie eine andere Spalte auswählen.

 &lt;strong&gt;Beachten Sie,&lt;/strong&gt; dass die Auswahl einer anderen Spalte als "Normal" das Inhaltselement verschwinden lässt, solange diese Spalte nicht auch in der Vorlage vorgesehen ist. Falls das Inhaltselement 'seltsamerweise' nicht sichtbar ist, überprüfen Sie bitte, ob Spalte und Sprache richtig ausgewählt wurden.</label>
			<label index="_colPos.seeAlso">tt_content:sys_language_uid, _MOD_web_layout:columns_multi, _MOD_web_layout:columns_single</label>
			<label index="cols.description">Wählen Sie eine feste Anzahl an Spalten aus.</label>
			<label index="CType.description">Wählen Sie die Art des Seiteninhalts aus, den dieser Datensatz darstellt. Neue Optionen erscheinen, sobald Sie den Datensatz speichern.</label>
			<label index="CType.details">Der "Typ" des Inhalts-Elements, den Sie auswählen, entscheidet darüber, welche Optionen Ihnen im Formular angezeigt werden. Stellen Sie sicher, dass Sie einen Datensatz sichern, nachdem Sie den Typ geändert haben und bevor Sie weitere Änderungen vornehmen. Dies ist eine Beschreibung der verschiedenen Typen: &lt;strong&gt;Überschrift&lt;/strong&gt; Dieser Typ erlaubt Ihnen ausschließlich, eine Überschrift einzufügen. Fast alle anderen Typen erlauben es ebenfalls, eine Überschrift mit genau den selben Optionen anzugeben. Der Typ "Überschrift" bietet also die Möglichkeit, eine Überschrift &lt;em&gt;ohne&lt;/em&gt; irgendetwas anderes einzufügen. &lt;strong&gt;Text&lt;/strong&gt; Der Text Typ ermöglicht die Eingabe von normalen Seiteninhalten. &lt;strong&gt;Text und Bilder&lt;/strong&gt; Dies entspricht dem Typ "Text" (normale Seiteninhalte) mit der zusätzlichen Option, Bilder anzuhängen. &lt;strong&gt;Bild&lt;/strong&gt; Das gleiche wie "Text und Bilder", aber ohne Textfeld (also nur Bilder). &lt;strong&gt;Aufzählung&lt;/strong&gt; Damit können Sie eine Aufzählung erstellen. Jede Zeile des Textfeldes erscheint als ein Punkt in einer Liste. &lt;strong&gt;Tabelle&lt;/strong&gt; Bietet die Möglichkeit, &lt;em&gt;einfache&lt;/em&gt; Tabellen zu erstellen. Jede Zeile stellt eine Tabellenzeile dar und vertikale Striche ('|') trennen die Spalten. &lt;strong&gt;Dateilinks&lt;/strong&gt; Präsentiert eine Liste von Dateien zum Herunterladen. Sie können Vorschausymbole zuordnen und die Dateigröße anzeigen lassen. &lt;strong&gt;Multimedia&lt;/strong&gt; Damit können Sie Multimediaelemente einfügen, wie z.B. Sound, Video, Java-Applets und Flash-Animationen. &lt;strong&gt;Formular&lt;/strong&gt; Lässt Sie Mail-Formulare erstellen. Für die Erstellung von Formular-Feldern gibt es eine spezielle Syntax (siehe Dokumentation). &lt;strong&gt;Suche&lt;/strong&gt; Dies fügt ein Suchfeld ein und zeigt auch das Ergebnis der Suche an, wenn diese Seite als Ziel der Suchergebnisse angegeben wird. &lt;strong&gt;Anmeldeformular&lt;/strong&gt; Zeigt eine Anmeldemaske für Website-Benutzer an. Sie müssen mindestens einen Website-Benutzer und eine Benutzergruppe anlegen, damit dieser Typ Sinn hat. &lt;strong&gt;Textbox&lt;/strong&gt; Dieser Typ ist vorgesehen für maßgeschneiderte Designs, die typisch einigen Text und ein Bild enthalten. In anderen Worten, dieser Typ ist nicht immer verfügbar. Benutzen Sie diesen Typ also nur, wenn Sie dazu angewiesen werden. Es existieren andere Typen zur Anzeige von Text und Bildern. &lt;strong&gt;Menü/Sitemap&lt;/strong&gt; Bietet eine Auswahl von verschiedenen Link-Menüs und eine Sitemap, die Sie auf einer Seite einfügen können. &lt;strong&gt;Datensatz einfügen&lt;/strong&gt; Dies ist ein Platzhalter für andere Datensätze. Mit anderen Worten: Mit diesem Element können Sie andere Datensätze von anderen Seiten anhängen und damit in diese Seite integrieren. &lt;strong&gt;Plug-In einfügen&lt;/strong&gt; Dies erlaubt es Ihnen, ein Forum, ein Gästebuch, eine Adressliste, einen Einkaufskorb etc. einzubinden. Die verschiedenen Möglichkeiten sind &lt;em&gt;nur&lt;/em&gt; dann verfügbar, wenn sie in der Vorlage richtig konfiguriert wurden. Vergewissern Sie sich also, welche Plug-Ins in Ihrer Website verfügbar sind. &lt;strong&gt;Skript&lt;/strong&gt; Dies ist reserviert für benutzerdefinierte Zwecke, womit es Ihnen der Vorlagenprogrammierer erlauben kann, spezialisierte Inhalte einzufügen. &lt;strong&gt;Trenner&lt;/strong&gt; Damit fügen Sie eine Trennlinie ein. &lt;strong&gt;HTML&lt;/strong&gt; Dies ist reiner HTML-Inhalt. Alles, was hier eingegeben wird, wird ohne weitere Verarbeitung auf der Seite angezeigt.</label>
			<label index="_CType.image">EXT:context_help/Resources/Public/Images/cshimages/ttcontent_4.png</label>
			<label index="_CType.seeAlso">tt_content:colPos,
tt_content:sys_language_uid,
Über Inhaltselemente | http://docs.typo3.org/typo3cms/GettingStartedTutorial/EditAndCreatePagesAndContent/EditPageContent/</label>
			<label index="date.description">Geben Sie ein Datum ein, das oberhalb der Überschrift angezeigt wird.</label>
			<label index=".description">Alle sichtbaren Inhalte auf Web-Seiten in TYPO3 werden typischerweise mittels "Seiteninhalt"-Datensätzen erzeugt. Sie werden in der Regel als "Inhaltselemente" bezeichnet. Inhaltselemente werden meist durch das Modul "Seite" verwaltet, das dafür eingerichtet ist, Inhalte in mehreren Spalten und mehreren Sprachen zu handhaben.</label>
			<label index=".details">Seiteninhalte sind geordnet und können daher in beliebiger Reihenfolge angeordnet werden. Beachten Sie auch, dass die Auswahlfelder "Spalte" und "Sprache" bestimmen, wo und unter welchen Umständen die Inhalte erscheinen. Wenn Sie diese Werte nicht ändern, können Sie davon ausgehen, dass Ihre Inhalte standardmäßig erscheinen.</label>
			<label index="endtime.description">Geben Sie das Datum ein, ab dem das Element nicht mehr auf der Website erscheint.</label>
			<label index="_endtime.seeAlso">pages:endtime, tt_content:starttime, tt_content:hidden, tt_content:fe_group</label>
			<label index="fe_group.description">Wählen Sie eine Benutzergruppe aus, die als einzige befugt ist, das Element zu betrachten.</label>
			<label index="fe_group.details">Die Optionen in diesem Auswahlfeld sind davon abhängig, welche Benutzergruppen erstellt wurden und für Sie verfügbar sind. Wenn Sie hier eine Benutzergruppe auswählen, wird das Element nicht mehr für Anwender sichtbar sein, die nicht angemeldet sind. Nur angemeldete Benutzer, die Mitglied der ausgewählten Gruppe sind, bekommen das Element zu sehen. "Anzeigen, wenn angemeldet" erweitert die Anzeige: solche Inhalte werden nur angemeldeten Benutzern gezeigt, aber unabhängig davon, welcher Gruppe sie angehören. "Nach Anmeldung verbergen" bewirkt das genaue Gegenteil, d.h. das Element &lt;em&gt;verschwindet&lt;/em&gt;, wenn &lt;em&gt;irgendein&lt;/em&gt; Benutzer angemeldet ist. Dies ist z.B. sinnvoll, um Informationen wie "Wie melde ich mich an?" oder ähnliches anzuzeigen, die irrelevant sind, wenn der Benutzer letzlich angemeldet ist.</label>
			<label index="_fe_group.seeAlso">tt_content:hidden, tt_content:starttime, tt_content:endtime, pages:fe_group, fe_users, fe_groups</label>
			<label index="filelink_size.description">Markieren Sie dieses Feld, wenn Sie Dateigrößen angezeigt bekommen möchten.</label>
			<label index="header.description">Geben Sie eine Überschrift für das Inhaltselement ein.</label>
			<label index="header.details">Fast alle Elemente (außer z.B. HTML) können eine Überschrift vor dem Inhalt anzeigen. Falls Sie nicht wollen, dass ein Titel angezeigt wird, wählen Sie den Überschriftstyp "verborgen" aus. Alternativ können Sie das Feld auch leer lassen. Einige Inhaltselemente zeigen die Überschrift standardmäßig nicht an. In solchen Fällen wird das Feld "Name" genannt. Einer dieser Typen ist "HTML".</label>
			<label index="_header.image">EXT:context_help/Resources/Public/Images/cshimages/ttcontent_6.png</label>
			<label index="header_layout.description">Wählen Sie ein Layout für die Überschrift aus.</label>
			<label index="header_layout.details">Wenn Sie "Normal" auswählen, wird das Standardlayout (eines der Layouts 1-5) verwendet. Der Standard ist in der Vorlage festgelegt. Alternativ können Sie auch ein Layout ausdrücklich (von 1 bis 5) festlegen, das in der Vorlage der Website individuell konfiguriert ist. Wenn Sie "Verborgen" auswählen, erscheint die Überschrift einfach nicht. Dies ist hilfreich, wenn Sie dem Element einen Namen geben wollen (um es im Backend zu identifizieren), auf der Seite aber keine Überschrift erscheinen soll.</label>
			<label index="_header_layout.seeAlso">tt_content:header</label>
			<label index="header_link.description">Macht aus der Überschrift auch einen Link. Geben Sie eine Seitennummer, E-Mail-Adresse oder URL ein.</label>
			<label index="_header_link.seeAlso">tt_content:header</label>
			<label index="header_link.syntax">Wenn Sie eine ID-Nummer, z.B. "51" eingeben, verlinkt die Überschrift zu der Seite mit der id=51 &lt;em&gt;innerhalb&lt;/em&gt; Ihres TYPO3-Web-Auftritts.
Wenn Sie eine E-Mail-Adresse, z.B. "name@my-domain.test" eingeben, wird der Link auf diese E-Mail-Adresse zeigen.
Wenn Sie eine URL oder Domäne eingeben, z.B. "www.typo3.org" oder "http://www.my-domain.org", wird der Link auf diese externe Website zeigen.</label>
			<label index="header_position.description">Richtet die Überschrift links, mittig oder rechts aus.</label>
			<label index="_header_position.seeAlso">tt_content:header</label>
			<label index="_header.seeAlso">tt_content:header_position, tt_content:header_link, tt_content:header_layout, tt_content:date,</label>
			<label index="hidden.description">Ist diese Option aktiviert, wird das Element nicht auf der Seite angezeigt.</label>
			<label index="_hidden.seeAlso">tt_content:starttime, tt_content:endtime, tt_content:fe_group, tt_content:colPos, tt_content:sys_language_uid</label>
			<label index="_.image">EXT:context_help/Resources/Public/Images/cshimages/ttcontent_1.png,
EXT:context_help/Resources/Public/Images/cshimages/ttcontent_2.png,
EXT:context_help/Resources/Public/Images/cshimages/ttcontent_3.png</label>
			<label index="imageborder.description">Wählen Sie diese Option, wenn das Bild einen farbigen Rahmen erhalten soll.</label>
			<label index="_imageborder.seeAlso">tt_content:imagecols, tt_content:image</label>
			<label index="imagecaption.description">Geben Sie eine Bildunterschrift ein.</label>
			<label index="imagecaption.details">Normalerweise wird die Bildunterschrift unter dem gesamten Bilderblock angezeigt. Die Vorlage der Website kann jedoch so programmiert werden, dass sie individuelle Bildunterschriften anzeigt, indem in den Vorlagenkonstanten "styles.content.imgtext.captionSplit=1" gesetzt wird. In diesem Fall entspricht jede Zeile der Bildunterschrift je eines Bildes. Das Feld wird außerdem vom Inhaltstypen "Dateilinks" verwendet, wobei jede Zeile der Beschreibung einer Datei in der Liste entspricht.</label>
			<label index="imagecaption_position.description">Richtet die Bildunterschrift links, zentriert oder rechts aus.</label>
			<label index="_imagecaption_position.seeAlso">tt_content:imagecaption, tt_content:image</label>
			<label index="_imagecaption.seeAlso">tt_content:imagecaption_position, tt_content:image</label>
			<label index="imagecols.description">Wählen Sie die Anzahl der Spalten des Bilderblocks aus.</label>
			<label index="_imagecols.seeAlso">tt_content:image_noRows, tt_content:image</label>
			<label index="image_compression.description">Wählen Sie Qualitäts- und Kompressionsoptionen aus.</label>
			<label index="_image_compression.seeAlso">tt_content:image_frames, tt_content:image_effects, tt_content:image</label>
			<label index=".image_descr">Das Modul "Seite" wird benutzt, um Inhaltselemente effizient zu verwalten: Sie sind in Spalten und Sprachen arrangiert. Ein Inhaltselement wird über ein großes Formular mit vielen Optionen bearbeitet. Der "Typ" bestimmt, welche Optionen sichtbar sind. Im Frontend - der Web-Seite - könnte ein Inhaltselement, wie das oben sichtbare, etwa so aussehen wie hier gezeigt.</label>
			<label index="image.description">Fügt ein oder mehrere Bilder ein.</label>
			<label index="image.details">Sie können dem Element Bilder in fast beliebiger Anzahl hinzufügen. Abhängig von Ihrer TYPO3-Konfiguration können Sie Bilder in fast jedem Format anfügen. Sie müssen sich insbesondere keine Gedanken über Größe oder Kompression machen, da diese Faktoren normalerweise TYPO3-intern gehandhabt werden. Wenn Sie "Text und Bilder" verwenden, ist es wichtig, die richtige Position des Bildblocks auszuwählen. Für diesen Zweck nutzen Sie die Positionsauswahl, die unterhalb des Textfelds gezeigt wird. Siehe Link zu Seiteninhalt&gt;Position unten. Sie können Bilder auch in mehreren Spalten anordnen und eine Option aktivieren, mit der Sie durch Anklicken des kleinen Bildes eine größere Version des Bildes ansehen können. Um nur ein paar Optionen zu nennen. Sehr wahrscheinlich stehen Ihnen gar nicht alle Optionen zur Verfügung. Dies hängt von Ihren Berechtigungen im System ab.</label>
			<label index="image_effects.description">Wählen Sie spezielle Bildbearbeitungseffekte aus.</label>
			<label index="_image_effects.seeAlso">tt_content:image_compression, tt_content:image_frames, tt_content:image</label>
			<label index="image_frames.description">Wählen Sie spezielle Rahmenoptionen aus.</label>
			<label index="_image_frames.seeAlso">tt_content:image_compression, tt_content:image_effects, tt_content:image</label>
			<label index="imageheight.description">Geben Sie die Höhe des Bildes (in Pixeln) an.</label>
			<label index="_imageheight.seeAlso">tt_content:imagewidth, tt_content:image</label>
			<label index="_image.image">EXT:context_help/Resources/Public/Images/cshimages/ttcontent_5.png</label>
			<label index="image.image_descr">Hier sehen Sie alle Optionen, die sich auf das Einfügen von Bildern in Inhaltselementen beziehen. Möglicherweise stehen Ihnen nicht alle Optionen zur Verfügung.</label>
			<label index="image_link.description">Geben Sie einen Link für die Bilder ein.</label>
			<label index="image_link.details">Standardmäßig haben alle Bilder denselben Link. Sie können aber Ihren Administrator darum bitten, die TYPO3-Vorlage so zu ändern, dass jedes Bild seinen eigenen Link erhält. Wenn dies der Fall ist, trennen Sie die einzelnen Links einfach mit einem Komma. Einzelheiten zur Syntax erhalten Sie unten über Seiteninhalt &gt; Link.</label>
			<label index="_image_link.seeAlso">tt_content:header_link, tt_content:image_zoom, tt_content:image</label>
			<label index="image_noRows.description">Schaltet durchgehende Zeilen im Bilderblock ab.</label>
			<label index="image_noRows.details">Diese Option ist schwer zu erklären, aber stellen Sie sich vor, Sie haben zwei oder mehr Spalten &lt;em&gt;und&lt;/em&gt; Zeilen von Bildern. Wenn ein Bild in der obersten Reihe etwas größer ist als ein daneben stehendes, entsteht etwas freier Raum unter dem kleineren Bild. Dies liegt daran, dass die Bilder standardmäßig in Reihen angeordnet sind. Wenn Sie dagegen die Option "Keine Reihen" aktivieren, werden alle Bilder einer Spalte &lt;em&gt;direkt&lt;/em&gt; untereinander platziert, so dass kein freier Raum unter kleineren Bildern entsteht. Dies mag besser aussehen, falls die Alternative mit Reihen nicht gut aussieht.</label>
			<label index="_image_noRows.seeAlso">tt_content:imagecols, tt_content:image</label>
			<label index="imageorient.description">Wählen Sie die Position des Bilderblocks relativ zum Text.</label>
			<label index="imageorient.details">Die Positionen über und unter dem Text sind von sich aus verständlich. Die Optionen "Im Text" bedeuten, dass die Bilder vom Text umflossen werden. Wenn Sie dies auswählen, wir die Vorlage die Bilder wahrscheinlich verkleinern, weil es nicht den gleichen Raum einnehmen kann, wenn Text drum herum fließen soll. Wenn Sie "Im Text" benutzen, können Sie die Optionen oberhalb und unterhalb von "Kein Umbruch" auswählen. Wenn Sie "Im Text" oberhalb auswählen, wird der Text &lt;em&gt;unter&lt;/em&gt; dem Bilderblock weiter fließen, sobald der Text das untere Ende des Bilderblocks erreicht hat. Wenn Sie "Im Text" unter dem "Kein Umbruch"-Trenner auswählen, wird der Text nicht unter dem Bild weiter laufen, sondern in seiner Spalte bleiben. Abgesehen vom Aussehen gibt es auch einen technischen Unterschied. Wenn Sie den Text um den Bilderblock herum fließen lassen, werden Sie ein seltsames Phänomen festellen, falls Sie nicht genug Text haben, um unter dem Bild weiter zu laufen: Sie werden feststellen, dass folgende Seiteninhalte über dem Bilderblock dargestellt werden - und dies sieht wie ein Fehler aus. Dies ist einfach zu beheben, indem Sie die entsprechende Position unter dem "Kein Umbruch"-Trenner auswählen.</label>
			<label index="_image.seeAlso">tt_content:imagewidth,
tt_content:imageheight,
tt_content:imageorient,
tt_content:imageborder,
tt_content:image_noRows,
tt_content:image_link,
tt_content:image_zoom,
tt_content:imagecols,
tt_content:imagecaption,
tt_content:image_effects,
tt_content:image_frames,
tt_content:image_compression,
Bilder benutzen ("Getting Started") | http://docs.typo3.org/typo3cms/GettingStartedTutorial/TheFileModuleOrImageArchives/ManagingFilesInTypo3/
Bilder benutzen (Animation) | FILE:EXT:welcome/modsub/ani_10.gif</label>
			<label index="imagewidth.description">Geben Sie die Breite des Bildes (in Pixeln) an.</label>
			<label index="imagewidth.details">Normalerweise ist die Vorlage für eine maximale Bildbreite ausgelegt und daher müssen Sie die Breite nicht angeben, wenn das Bild perfekt in diese Abmessungen passt. Trotzdem haben Sie hier die Gelegenheit, die Breite ausdrücklich zu definieren.</label>
			<label index="_imagewidth.seeAlso">tt_content:imageheight, tt_content:image</label>
			<label index="image_zoom.description">Markieren Sie diese Option und das Bild wird auf ein neues Fenster mit einer größeren Ansicht verlinkt.</label>
			<label index="image_zoom.details">Diese Option überschreibt den Wert des Link-Feldes.</label>
			<label index="_image_zoom.seeAlso">tt_content:image_link, tt_content:image</label>
			<label index="layout.description">Wählen Sie ein Layout aus.</label>
			<label index="layout.details">Diese Option wird von den Standardvorlagen nicht verwendet und kann für benutzerdefinierte Ansichten verwendet werden. Es gibt einige Standardimplementierungen, die vom Inhaltstyp abhängig sind: &lt;b&gt;"Dateilinks":&lt;/b&gt; "Normal" erzeugt eine Liste ohne Vorschau-Symbole. "Layout 1" fügt ein Dateisymbol links vom Link ein. "Layout 2" Fügt ein Vorschausymbol ein, falls die Datei ein Bild ist. Ein schwarzer Rahmen wird hinzugefügt. "Layout 3" ist wie Layout 2, aber ohne schwarzen Rahmen.</label>
			<label index="linkToTop.description">Falls markiert, erscheint ein kleiner "Nach oben"-Link nach dem Inhaltselement.</label>
			<label index="list_type.description">Wählen Sie das einzufügende Plug-In aus. (Verfügbarkeit hängt von der Vorlage ab).</label>
			<label index="list_type.details">Die Liste der Plug-Ins, die Sie auf der Seite einfügen können. Die verfügbaren Plug-Ins hängen davon ab, welche Erweiterungen installiert sind.</label>
			<label index="_list_type.image">EXT:context_help/Resources/Public/Images/cshimages/ttcontent_7.png</label>
			<label index="_list_type.seeAlso">_MOD_tools_em</label>
			<label index="media.description">Fügen Sie der Liste Dateien hinzu.</label>
			<label index="menu_type.description">Wählen Sie, welche Art von Menü Sie erstellen wollen.</label>
			<label index="menu_type.details">Dies ist eine kurze Beschreibung jedes Typs: &lt;strong&gt;Menü dieser Seiten&lt;/strong&gt; Dies erzeugt eine Liste von Links auf die in "Ausgangspunkt" angegebenen Seiten. &lt;strong&gt;Menü der Unterseiten&lt;/strong&gt; Dies erzeugt eine Liste von Links auf die in "Ausgangspunkt" angegebenen Seiten und deren Unterseiten. Wenn Sie keine Startseite(n) angeben, werden die Unterseiten der aktuellen Seite aufgelistet. &lt;strong&gt;Menü der Unterseiten (mit Inhaltsangabe)&lt;/strong&gt; Wie das Vorherige. Aber dieses enthält den Inhalt des Feldes "Inhaltsangabe" jeder Seite. &lt;strong&gt;Menü der Unterseiten (mit Seiteninhalt)&lt;/strong&gt; Wie das Vorherige, inklusive 'Untermenü'-Links auf alle Seiteninhalte der Seite deren Index-Feld markiert ist. &lt;strong&gt;Sitemap&lt;/strong&gt; Erzeugt einen klassischen Sitemap-Baum. Vielleicht definiert Ihre Vorlage eine andere Ansicht, aber Sie bekommen eine Sitemap. Beachten Sie, dass die Sitemap auf der aktuellen Seite beginnt, es sei denn, Sie definieren einen davon abweichenden "Ausgangspunkt". &lt;strong&gt;Abschnittsübersicht (mit Seiteninhalt)&lt;/strong&gt; Dies erzeugt ein Menü der Seiteninhalte dieser (oder der in "Ausgangspunkt" ausgewählten) Seite. Gut geeignet, um einen Index am Anfang umfangreicher Seiten zu erstellen. Beachten Sie, dass alle Elemente angezeigt werden, deren Index-Feld markiert ist. Falls Sie einige Elemente in der Liste nicht angezeigt bekommen möchten, so deaktivieren Sie das Index-Feld für diese Elemente. &lt;strong&gt;Geänderte Seiten&lt;/strong&gt; Zeigt die 10 zuletzt geänderten Seiten an. &lt;strong&gt;Hinweis:&lt;/strong&gt; Wenn Sie eine Seite ändern und die Liste sich nicht ändert, löschen Sie einfach den Cache dieser Seite und das Problem ist behoben. &lt;strong&gt;Verwandte Seiten (nach Stichworten)&lt;/strong&gt; Zeigt verwandte Seiten basierend auf den Stichworten dieser Seite verglichen mit den Stichworten anderer Seiten an. Hinweis: Für viele der beschriebenen Menütypen ist der Startpunkt die aktuelle Seite. Davon abweichend können Sie jede andere Seite (oder sogar mehrere) als Startpunkt festlegen, indem Sie sie in die Liste "Ausgangspunkt" aufnehmen. Siehe Link unten.</label>
			<label index="_menu_type.seeAlso">tt_content:pages, tt_content:sectionIndex</label>
			<label index="multimedia.description">Fügen Sie hier das Multimediaelement ein, z.B. eine Flash-Animation.</label>
			<label index="pages.description">Seite(n) einfügen</label>
			<label index="pages.details">Mit diesem Feld können Sie eine Beziehung zu einer Seite (oder mehreren) in TYPO3 herstellen. Dieses Feld wird von mehreren Inhaltstypen verwendet. Wenn Sie hier keine Seite angeben, wird grundsätzlich die aktuelle Seite verwendet. Für den Typ "&lt;b&gt;Suche&lt;/b&gt;" beinhaltet das Feld die Seite, auf der das Suchergebnis angezeigt wird. Sie müssen sicherstellen, dass das Ziel ein solches "Suche"-Element (oder etwas ähnliches) besitzt, um das Ergebnis darzustellen. Ansonsten ist es nicht sinnvoll. Das Element "&lt;b&gt;Anmeldeformular&lt;/b&gt;" benutzt dies Feld ebenfalls, um den angemeldeten Benutzer auf eine neue Seite zu umzuleiten. Dieses Ziel benötigt allerdings kein Anmeldeformularelement, um die Anmeldung durchzuführen - Sie können den Anwender auf jede beliebige TYPO3-Seite weiterleiten! Wenn Sie in der Liste eine zweiter Seite angeben, so wird diese Seite an das Anmeldesystem als diejenige Seite weitergeleitet, wo die Datenbank der Anwender zu finden ist. Sie sollten dies nur verwenden, wenn Ihre Vorlage diesen Wert nicht von sich aus weiterleitet. Damit die Anmeldung funktioniert, müssen Sie sicherstellen, dass 1) Sie einen Benutzer und eine Benutzergruppe erstellt haben, 2) Sie in der Vorlage definiert haben, auf welcher Seite (typisch ein SysOrdner) die Benutzer gefunden werden können - oder sie haben dies durch die zweite Seite in der Seitenliste getan, 3) Cookies im Browser des Anwenders aktiviert sind. Der Inhaltstyp "&lt;b&gt;Menü/Sitemap&lt;/b&gt;" benutzt dieses Feld ebenfalls. In diesem Fall wird damit spezifiziert, von welcher Seite aus das Menü erzeugt wird oder enthält sogar diejenigen Seiten, auf die das Menü verweist. All dies hängt vom ausgewählten Untertyp ab. Schließlich benutzt das Element "&lt;b&gt;Formular&lt;/b&gt;" dieses Feld als Angabe, welche Seite nach Absenden des Formulars angezeigt wird. Sie können auf diese Art eine "Vielen Dank"-Seite für das Mail-Formular erstellen.</label>
			<label index="_pages.seeAlso">tt_content:CType, tt_content:recursive</label>
			<label index="pi_flexform.description">FlexForm-Konfiguration von Plug-Ins</label>
			<label index="pi_flexform.details">Manche Plug-Ins erfordern eine Konfiguration ihrer Optionen. Sie können dies Feld für FlexForm-basierte Konfigurationseinstellungen (als XML gespeichert) benutzen.</label>
			<label index="_pi_flexform.seeAlso">tt_content:list_type</label>
			<label index="records.description">Fügen Sie Verweise auf Datensätze ein.</label>
			<label index="recursive.description">Entscheiden Sie, wie viele Unterebenen für jeder der ausgewählten Seiten zusätzlich ausgewählt werden sollen.</label>
			<label index="recursive.details">Ob diese Funktion sinnvoll ist, entscheidet die Vorlage und/oder der Inhaltstyp. Aber grundsätzlich bedeutet die Aktivierung dieser Option, dass alle Unterseiten der ausgewählten Seiten in "Ausgangspunkt" bis zur gewählten Tiefe ebenfalls ausgewählt werden! &lt;strong&gt;Warnung:&lt;/strong&gt; Falls es viele Unterseiten gibt, sollten sie mit dieser Option vorsichtig umgehen. Sie könnten eine unglaubliche Anzahl an Seiten auswählen!</label>
			<label index="_recursive.seeAlso">tt_content:pages</label>
			<label index="rte_enabled.description">Der Rich-Text-Editor wird für dieses Element deaktivert, falls diese Option markiert ist (&lt;em&gt;nur für dieses Element&lt;/em&gt;).</label>
			<label index="_rte_enabled.seeAlso">tt_content:bodytext</label>
			<label index="section_frame.description">Wählen Sie eine Rahmenoption für das Element aus.</label>
			<label index="_section_frame.seeAlso">tt_content:spaceAfter, tt_content:spaceBefore</label>
			<label index="sectionIndex.description">Falls markiert, taucht der Seiteninhalt in Menüs auf.</label>
			<label index="sectionIndex.details">Siehe Details zum Menütyp (unten klicken).</label>
			<label index="_sectionIndex.seeAlso">tt_content:menu_type</label>
			<label index="_.seeAlso">Grundlagen zu Seiteninhalt | http://docs.typo3.org/typo3cms/GettingStartedTutorial/GeneralPrinciples/PageContent/,
_MOD_web_layout</label>
			<label index="selected_categories.description">Seiten oder Inhaltselemente der ausgewählten Kategorien werden im Menü gezeigt werden.</label>
			<label index="select_key.description">Geben Sie einen Code ein.</label>
			<label index="select_key.details">Ob ein Code verwendet wird und wie er interpretiert wird, ist vom Kontext abhängig. Heutzutage gilt er als überholt.</label>
			<label index="_select_key.seeAlso">tt_content:list_type</label>
			<label index="spaceAfter.description">Geben Sie den Abstand (in Pixeln) ein, der nach diesem Inhalt eingefügt werden soll.</label>
			<label index="_spaceAfter.seeAlso">tt_content:spaceBefore, tt_content:section_frame</label>
			<label index="spaceBefore.description">Geben Sie den Abstand (in Pixeln) ein, der vor diesem Inhalt eingefügt werden soll.</label>
			<label index="_spaceBefore.seeAlso">tt_content:spaceAfter, tt_content:section_frame</label>
			<label index="splash_layout.description">Wählen Sie das Design des Textfeldes aus.</label>
			<label index="splash_layout.details">&lt;strong&gt;Hinweis:&lt;/strong&gt; Die Textbox hat einige Standardansichten, ist aber hauptsächlich für benutzerspezifische Anwendungen gedacht. Daher hängt die Verfügbarkeit von Funktionen von der Vorlage ab.</label>
			<label index="_splash_layout.seeAlso">tt_content:CType</label>
			<label index="starttime.description">Geben Sie das Datum ein, ab dem das Element sichtbar sein wird. Wie in allen Datumsfeldern können Sie "d" eingeben, um das aktuelle Datum zu erhalten und Sie können einfach Tage addieren oder subtrahieren: mit "d+7" etwa erhalten Sie das Datum in einer Woche.</label>
			<label index="_starttime.seeAlso">pages:starttime, tt_content:endtime, tt_content:hidden, tt_content:fe_group</label>
			<label index="subheader.description">Geben Sie einen Untertitel ein. Dieser wird unterhalb der Überschrift angezeigt. Falls es sich um den Inhaltstyp "Formular" handelt, ist hier die E-Mail-Adresse des Empfängers einzutragen.</label>
			<label index="subheader.details">Ein Untertitel wird nur für den Inhaltstyp "Überschrift" angezeigt. &lt;b&gt;Hinweis:&lt;/b&gt; Wenn Inhalte des Typs "Formular" eingesetzt werden, wird dieses Feld "E-Mail-Empfänger:" benannt und enthält die E-Mail-Adresse des Formularempfängers. Daher ist es wichtig, dass die Anwender Zugriff auf dieses Feld bekommen.</label>
			<label index="_subheader.seeAlso">tt_content:header tt_content:bodytext</label>
			<label index="sys_language_uid.description">Wählen Sie die Systemsprache des Elements aus. Beachten Sie, dass dies Einfluss darauf hat, ob das Element sichtbar ist.</label>
			<label index="sys_language_uid.details">Dies erlaubt es Ihnen, dem Element eine spezifische Sprache zuzuordnen. Falls Sie etwas anderes als die Standardsprache auswählen, wird das Element &lt;em&gt;nicht&lt;/em&gt; sichtbar sein, solange diese Sprache nicht in der Vorlage konfiguriert wurde. Die verfügbaren Systemsprachen werden vom Administrator eingestellt.</label>
			<label index="_sys_language_uid.seeAlso">tt_content:colPos, sys_language, Lokalisierungskonzepte [Technisch] | http://typo3.org/documentation/tips-tricks/multi-language-sites-in-typo3/, _MOD_web_layout:language_list</label>
			<label index="table_bgColor.description">Wählen Sie eine Hintergrundfarbe für die Tabelle.</label>
			<label index="table_border.description">Wählen Sie eine Rahmenbreite für die Tabelle.</label>
			<label index="table_cellpadding.description">Wählen Sie einen Zelleninnenabstand.</label>
			<label index="table_cellpadding.details">Mit Zelleninnenabstand bestimmen Sie den "inneren" Rand einer Zelle, also den Abstand zwischen Zellenrand und Zelleninhalt in Pixeln.</label>
			<label index="table_cellspacing.description">Wählen Sie einen Zellenabstand für die Tabellenelemente.</label>
			<label index="table_cellspacing.details">Zellenabstand ist der Abstand zwischen Zellen in Zeilen und Spalten. Die Distanz wird in allen Richtungen gleich angewandt: oben, unten, links und rechts.</label>
		</languageKey>
  </data>
</T3locallangExt>
