<?xml version="1.0" encoding="UTF-8"?>
<T3locallangExt>
  <data type="array">
    <languageKey index="de" type="array">
			<label index=".description">Legt den Einstiegspunkt für einen bestimmten Hostnamen fest.</label>
			<label index=".details">Wenn in einer TYPO3-Datenbank mehr als eine Website enthalten ist, müssen Sie üblicherweise jeder neuen Root-Seite einen Domänennamen zuordnen. Technisch gesehen zeigen alle Domänen auf dieselbe TYPO3-Datenbank des Servers, aber mit Hilfe dieser Domäneneinträge wird innerhalb des Seitenbaumes ein Sprungziel für Web-Anfragen definiert. Seiten, die außerhalb des so definierten Teilbaumes liegen, sind somit nicht für diese Domäne erreichbar. Dieses Konzept entspricht in etwa dem der "Virtuellen Hosts" des Webservers Apache. (Diese Option sollte nur für Administratoren verfügbar sein!)</label>
			<label index="domainName.description">Geben Sie einen Hostnamen ein, z.B. "www.meine-domain.de".</label>
			<label index="domainName.details">Bevor Sie einen neuen Domäneneintrag verwenden können, müssen Sie zunächst sicherstellen, dass der sogenannte "A Record" der Domäne auf Ihren Server zeigt und Ihr Webserver Seitenanfragen auch an die TYPO3-Datenbank weiterleitet! Bevor Sie hier also etwas eintragen, stellen Sie zunächst sicher, dass alle Anfragen zur gewünschten Domäne auch an der Wurzel des Seitenbaumes landen. Wenn Sie einen Domäneneintrag erstellen und der darin enthaltene Hostname (sei es ein wirklicher Domänenname oder eine IP-Adresse) stimmt mit dem Hostnamen der URL überein, wird das TypoScript-basierte Frontend nur solche Seiten anzeigen, die im Seitenbaum unterhalb dieses Domäneneintrags liegen. Datensätze anderer Domäneneinträge bleiben dem Besucher verborgen. &lt;strong&gt;Achtung:&lt;/strong&gt; Wenn Sie TYPO3 in einem Unterverzeichnis der Domain installiert haben, müssen Sie dieses Verzeichnis ebenfalls mit angeben, z.B. so "www.meine-domain.org/typo3_subdir/".</label>
			<label index="hidden.description">Verwenden Sie diese Option, um die Domäne zeitweilig zu deaktivieren.</label>
			<label index="prepend_params.description">Mit dieser Option werden alle GET-Parameter in der aufrufenden URL auch an die Umleitungs-URL übergeben.</label>
			<label index="redirectTo.description">Alle Web-Anfragen an diese Domäne werden zu dieser URL umgeleitet.</label>
			<label index="redirectTo.details">Stellen Sie sicher, dass Sie dem Wert ein "http://" oder ähnliches voranstellen! Technisch gesehen wird der hier eingetragene Wert einem "Location: "-Header übergeben, welcher eine gültige, vollständige URL erwartet! &lt;strong&gt;Warnung:&lt;/strong&gt; Sie können diese Option nicht dazu verwenden, um Anfragen auf eine bestimmte Seiten-ID innerhalb der gleichen Domäne umzulenken! Wenn Sie dies dennoch versuchen, produzieren Sie damit eine Endlosschleife, weil die Umleitung auf sich selbst zeigt! Ein gültiges Beispiel: Domäne: "my-domain.org" Umleiten zu: "www.my-domain.org" Diese Konfiguration leitet Anfragen tatsächlich zu einer anderen Domain um, nämlich "www.my-domain.org". Ein ungültiges Beispiel: Domäne: "www.my-domain.org" Umleiten zu: "www.my-domain.org/?id=10" Diese Konfiguration erzeugt eine Endlosschleife, der eigentlich Domänenname "www.my-domain.org" wurde &lt;em&gt;nicht&lt;/em&gt; geändert! Virtuelle Verzeichnisse: Wenn Sie TYPO3 auf einem Unix-System betreiben, können Sie "virtuelle Unterverzeichnisse" zu einer Website erstellen, welche sich nach wie vor in der gleichen Datenbank befinden. Lesen Sie die Dokumentation, um mehr über dieses Konzept zu erfahren. In diesem Fall sollten Sie den Hostnamen folgendermaßen angeben: "my-domain.org/subdir/". Wenn die Kombination aus Hostnamen und derzeitigem Unterverzeichnis diesem Wert entspricht, wird der Domäneneintrag richtig erkannt und Seitenanfragen auf den Seitenbaum unterhalb dieses Domäneneintrages umgeleitet.</label>
			<label index="_.seeAlso">sys_language sys_template</label>
		</languageKey>
  </data>
</T3locallangExt>
