<?xml version="1.0" encoding="UTF-8"?>
<T3locallangExt>
  <data type="array">
    <languageKey index="de" type="array">
			<label index="advancedQuery">Erweiterte Anfrage</label>
			<label index="beingChecked">wird geprüft...</label>
			<label index="checkNow">Jetzt prüfen!</label>
			<label index="checkScript">Sie können die Prüfung auch in einem Shell-Script mit dem Command Line Interface (CLI) durchführen, wenn die Verarbeitung länger braucht, als die max_execution_time in PHP erlaubt.</label>
			<label index="checkScript_check_description">Um den Referenz-Index zu prüfen, führen Sie folgenden Befehl aus:</label>
			<label index="checkScript_check_example">php /pfad/zu/ihrem/typo3/typo3/cli_dispatch.phpsh lowlevel_refindex -c</label>
			<label index="checkScript_headline">Verwendung der Kommandozeile</label>
			<label index="checkScript_information">Falls Sie diese Befehle von einer Kommandozeile aus ausführen, achten Sie darauf, dass ein BE-Benutzer mit dem Namen _cli_lowlevel vorhanden ist.</label>
			<label index="checkScript_more">Stellen Sie sicher, dass ein Backend-Benutzer mit dem Namen _cli_lowlevel vorhanden ist. Weitere Informationen finden Sie hier: /pfad/zu/ihrem/typo3/typo3/sysext/lowlevel/HOWTO_clean_up_TYPO3_installations.txt</label>
			<label index="checkScript_moreDetails">Weitere Informationen unter:</label>
			<label index="checkScript_update_description">Um den Referenz-Index zu aktualisieren, führen Sie folgenden Befehl aus:</label>
			<label index="checkScript_update_example">php /pfad/zu/ihrem/typo3/typo3/cli_dispatch.phpsh lowlevel_refindex -e</label>
			<label index="clickToTestRefIndex">Klicken Sie hier, um den Referenz-Index zu prüfen:</label>
			<label index="clickToUpdateRefIndex">Klicken Sie hier, um den Referenz-Index zu aktualisieren:</label>
			<label index="count">Anzahl</label>
			<label index="countResults">Ergebnisse zählen</label>
			<label index="csvExport">CSV-Export</label>
			<label index="databaseRelations">Datenbankrelationen</label>
			<label index="deleted_pages">Als gelöscht markierte Seiten:</label>
			<label index="directories">Verzeichnisse:</label>
			<label index="directoriesTooDeep">FEHLER: Verzeichnisse tiefer verschachtelt als folgende Anzahl Ebenen:</label>
			<label index="doktype">Seitentypen:</label>
			<label index="doktype_value">Dokumenttypen (Wert)</label>
			<label index="dontUseOrigValues">Originalwerte in Klammern nicht als Präfix für Ergebnisse mit Label verwenden</label>
			<label index="enterRegexPattern">Muster für regulären Ausdruck eingeben:</label>
			<label index="explainQuery">Anfrage erläutern</label>
			<label index="files">Dateien:</label>
			<label index="filesearch">Alle Dateinamen nach einem Muster durchsuchen</label>
			<label index="filesearch_description">Sucht in PATH_site (Unterverzeichnisse des Website-Pfades) rekursiv nach Dateinamen, die einem Regulären Ausdruck entsprechen.</label>
			<label index="files_many_ref">Dateien, die in mehr als einem Eintrag verwendet werden:</label>
			<label index="files_no_file">Fehlende Dateien:</label>
			<label index="files_no_ref">Dateien, die in keinem Eintrag verwendet werden (bitte löschen!):</label>
			<label index="findFilename">Dateinamen finden</label>
			<label index="fixLostRecord">Klicken, um diesen verwaisten Eintrag an die Wurzel zu verschieben (pid=0)</label>
			<label index="fullSearch">Vollsuche</label>
			<label index="group_db">Gruppenfelder:</label>
			<label index="hidden_pages">Verborgene Seiten:</label>
			<label index="isMissing">fehlt!</label>
			<label index="label">Label</label>
			<label index="manageRefIndex">Referenz-Index verwalten</label>
			<label index="matchingFiles">Gefundene Dateien:</label>
			<label index="menu">Übersicht</label>
			<label index="no_files_found">Keine Dateien gefunden.</label>
			<label index="notChecked">nicht geprüft.</label>
			<label index="pages">Seiten:</label>
			<label index="pattern">Muster</label>
			<label index="rawSearch">Rohsuche in allen Feldern</label>
			<label index="records">Statistik der Datenbank-Einträge</label>
			<label index="records_description">Zeigt statistische Daten zu den Einträgen in der Datenbank an. Hierzu wird der komplette Seitenbaum durchsucht, der Server wird entsprechend stark belastet!</label>
			<label index="recordStatistics">Datensatz-Statistik</label>
			<label index="referencedFrom">Referenziert von:</label>
			<label index="referenceIndex_buttonCheck">Referenzindex prüfen</label>
			<label index="referenceIndex_buttonUpdate">Referenzindex aktualisieren</label>
			<label index="referenceIndex_description">Der TYPO3-Referenzindex zeichnet Beziehungen zwischen Datensätzen auf. Da es vorkommen kann, dass Werte veralten, gibt es hier die Möglichkeit, ihn zu prüfen und aktualisieren.</label>
			<label index="references">Referenzen:</label>
			<label index="refindex">Globalen Referenz-Index prüfen und aktualisieren</label>
			<label index="refindex_description">Ermöglicht die Pflege des von TYPO3 verwalteten Referenz-Index.</label>
			<label index="relations">Verknüpfungen</label>
			<label index="relations_description">Führt eine Analyse der Datenbank-Tabellen durch und prüft, ob Verknüpfungen zwischen Einträgen ungültig sind oder Dateien an der erwarteten Position fehlen.</label>
			<label index="result">Ergebnis:</label>
			<label index="search">Gesamte Datenbank durchsuchen:</label>
			<label index="searchButton">Suchen</label>
			<label index="search_description">Durchsucht alle Datenbank-Tabellen und Einträge nach einem Text.</label>
			<label index="searchingForFilenames">Suche nach Dateinamen:</label>
			<label index="searchOptions">Suchoptionen:</label>
			<label index="select_db">Auswahlfelder:</label>
			<label index="selectRecords">Datensätze auswählen</label>
			<label index="showDeleted">Auch gelöschte Einträge anzeigen (mit Wiederherstellen-Schaltfläche)</label>
			<label index="showSQL">SQL-Teile anzeigen</label>
			<label index="sortOptions">Auswahlfeldoptionen für Relationen nach Label und nicht nach Wert sortieren</label>
			<label index="tablename">Tabellenname</label>
			<label index="tables">Tabellen:</label>
			<label index="title">Datenbankintegritätsprüfung</label>
			<label index="total_lost">Datensätze insgesamt/verloren</label>
			<label index="total_pages">Gesamtzahl der Seiten:</label>
			<label index="totalPageTree">Gesamter Seitenbaum</label>
			<label index="tree">Der Seitenbaum:</label>
			<label index="tree_description">Hier werden alle Seiten im System in einem großen Seitenbaum angezeigt. Beachten Sie, dass das Ergebnis wahrscheinlich ein sehr großes Dokument ist und der Server einige Zeit brauchen kann, um es zu erstellen.</label>
			<label index="updateNow">Jetzt aktualisieren!</label>
			<label index="updateRefIndex">Referenz-Index aktualisieren</label>
			<label index="useFormattedStrings">Formatierte Strings, Labels und Datumsangaben statt der Originalwerte im Ergebnis anzeigen</label>
			<label index="xmlExport">XML-Export</label>
		</languageKey>
  </data>
</T3locallangExt>
