<?xml version="1.0" encoding="UTF-8"?>
<T3locallangExt>
  <data type="array">
    <languageKey index="de" type="array">
			<label index="beUser">$GLOBALS['BE_USER']-&gt;uc (Benutzereinstellungen)</label>
			<label index="configuration">Konfiguration</label>
			<label index="copyPaste">Jetzt können Sie diesen Wert kopieren und in die Konfigurationsdatei einfügen, wo Sie ihn setzen können. Mehr ist hier nicht möglich...</label>
			<label index="cropLines">Zeilen kappen</label>
			<label index="enterSearchPhrase">Suchbegriff eingeben:</label>
			<label index="loadedExt">$GLOBALS['TYPO3_LOADED_EXT'] (Geladene Erweiterungen)</label>
			<label index="search">Suchen</label>
			<label index="t3services">$GLOBALS['T3_SERVICES'] (Registrierte Dienste)</label>
			<label index="tbemodules">$GLOBALS['TBE_MODULES'] (BE-Module)</label>
			<label index="tbemodulesext">$GLOBALS['TBE_MODULES_EXT'] (Erweiterungen für BE-Module)</label>
			<label index="tbeStyles">$GLOBALS['TBE_STYLES'] (Oberflächen-Stile)</label>
			<label index="tca">$GLOBALS['TCA'] (Array für Tabellenkonfiguration)</label>
			<label index="tcaDescr">$GLOBALS['TCA_DESCR'] (Beschreibungen für Tabellenhilfe)</label>
			<label index="typo3ConfVars">$GLOBALS['TYPO3_CONF_VARS'] (Globale Konfiguration)</label>
			<label index="useRegExp">Regulären Ausdruck verwenden</label>
			<label index="usersettings">$GLOBALS['TYPO3_USER_SETTINGS'] (Konfiguration für Benutzereinstellungen)</label>
			<label index="variable">Variable:</label>
			<label index="writeMessage">Die folgende Zeile wurde der Konfigurationsdatei (%s) hinzugefügt: %s%s</label>
			<label index="writeMessageFailed">Schreiben der Konfigurationsdatei fehlgeschlagen (%s)!</label>
			<label index="writeValue">Wert in Konfigurationsdatei schreiben</label>
		</languageKey>
  </data>
</T3locallangExt>
