<?xml version="1.0" encoding="UTF-8"?>
<T3locallangExt>
  <data type="array">
    <languageKey index="de" type="array">
			<label index="ALL_tables">ALLE Tabellen</label>
			<label index="execlistqu_maxNumberLimit">Höchstwert erreicht!</label>
			<label index="execlistqu_structureToBeExported">Zu exportierende Struktur:</label>
			<label index="export">Exportieren in .t3d</label>
			<label index="exportdata_advancedOptions">Erweiterte Einstellungen</label>
			<label index="exportdata_badPathS">Fehlerhafter Pfad: "%s"</label>
			<label index="exportdata_filePreset">Datei &amp; Voreinstellungen</label>
			<label index="exportdata_messages">Meldungen</label>
			<label index="exportdata_problemsSavingFile">Fehler beim Speichern</label>
			<label index="exportdata_savedFile">DATEI GESPEICHERT</label>
			<label index="exportdata_savedInSBytes">Gespeichert in "%s" (%s Bytes)</label>
			<label index="filterpage_structureToBeImported">Zu importierende Struktur:</label>
			<label index="impexpcore_displaycon_controls">Steuerung:</label>
			<label index="impexpcore_displaycon_currentPath">Derzeitiger Pfad:</label>
			<label index="impexpcore_displaycon_insidePagetree">Innerhalb des Seitenbaumes:</label>
			<label index="impexpcore_displaycon_message">Meldungen:</label>
			<label index="impexpcore_displaycon_result">Ergebnis:</label>
			<label index="impexpcore_displaycon_size">Größe:</label>
			<label index="impexpcore_displaycon_title">Titel:</label>
			<label index="impexpcore_displaycon_updateMode">Aktualisierungsmodus:</label>
			<label index="impexpcore_printerror_description">Beschreibung:</label>
			<label index="impexpcore_singlereco_descr">Beschreibung:</label>
			<label index="impexpcore_singlereco_exclude">Ausschließen</label>
			<label index="impexpcore_singlereco_filename">Dateiname:</label>
			<label index="impexpcore_singlereco_forceUidSAdmin">UID [%s] erzwingen (Admin)</label>
			<label index="impexpcore_singlereco_ignorePid">PID ignorieren</label>
			<label index="impexpcore_singlereco_importAsNew">Als neu importieren</label>
			<label index="impexpcore_singlereco_insert">Einfügen</label>
			<label index="impexpcore_singlereco_outsidePagetree">Außerhalb des Seitenbaumes:</label>
			<label index="impexpcore_singlereco_respectPid">PID beachten</label>
			<label index="impexpcore_singlereco_softReferencesFiles">Soft References - Dateien:</label>
			<label index="impexpcore_singlereco_title">Titel:</label>
			<label index="impexpcore_singlereco_update">Aktualisieren</label>
			<label index="impexpcore_singlereco_value">Wert:</label>
			<label index="impexpcore_softrefsel_editable">Editierbar</label>
			<label index="impexpcore_softrefsel_exclude">Ausschließen</label>
			<label index="impexpcore_softrefsel_record">Datensatz:</label>
			<label index="import">Importieren aus .t3d</label>
			<label index="importdata_action">Aktion:</label>
			<label index="importdata_allowToWriteBanned">Verbotene Dateierweiterungen dennoch erlauben (z.B. PHP-Skripte)</label>
			<label index="importdata_areYouSure">Vorgang tatsächlich fortführen?</label>
			<label index="importdata_browse">Durchsuchen:</label>
			<label index="importdata_description">Beschreibung:</label>
			<label index="importdata_doNotShowDifferences">Unterschiede in Datensätzen nicht anzeigen</label>
			<label index="importdata_email">E-Mail:</label>
			<label index="importdata_enableLogging">Protokollierung einschalten:</label>
			<label index="importdata_failureNoFileUploaded">Fehler: Es wurde keine Datei übertragen! (Datei zu groß?) Weitere Angaben in Systemprotokoll.</label>
			<label index="importdata_file">Datei:</label>
			<label index="importdata_force_all_UIDS">ALLE UID-Werte erzwingen</label>
			<label index="importdata_force_all_UIDS_descr">Mit dieser Option werden alle ursprünglichen UID-Werte der importierten Datensätze beim Import erzwungen. VERWENDEN SIE DIESE OPTION MIT VORSICHT! (Nur für Admins)</label>
			<label index="importdata_fromPathS">(Aus Pfad: %s)</label>
			<label index="importdata_greenValuesAreFrom">Grüne Werte stammen aus der Importdatei, rote Werte aus dem aktuellen Datensatz und schwarze Werte sind in beiden gleich.</label>
			<label index="importdata_icon">Symbol:</label>
			<label index="importdata_ifYouSetThis">Mit dieser Option wird die Position aktualisierter Inhalte nicht mit der Struktur aus der Importdatei überschrieben.</label>
			<label index="importdata_ignorePidDifferencesGlobally">PID-Unterschiede generell ignorieren</label>
			<label index="importdata_import">Import</label>
			<label index="importdata_importOptions">Importeinstellungen:</label>
			<label index="importdata_messages">Meldungen</label>
			<label index="importdata_metaData">Metadaten:</label>
			<label index="importdata_metaData_1387">Metadaten</label>
			<label index="importdata_newImport">Neuer Import</label>
			<label index="importdata_no_accessible_file_mount">Keine zugängliche Dateifreigabe</label>
			<label index="importdata_noteNoDecompressorAvailable">ACHTUNG: Kein Entpackprogramm für komprimierte Dateien vorhanden!</label>
			<label index="importdata_notes">Anmerkungen:</label>
			<label index="importdata_options">Optionen:</label>
			<label index="importdata_packager">Packprogramm:</label>
			<label index="importdata_preview">Vorschau</label>
			<label index="importdata_saveToFilename">Speichern unter</label>
			<label index="importdata_selectFileToImport">Importdatei auswählen:</label>
			<label index="importdata_structureHasBeenImported">Folgende Struktur wurde importiert:</label>
			<label index="importdata_success">Erfolg:</label>
			<label index="importdata_thisIsDisabledBy">Diese Option ist standardmäßig deaktiviert, weil unter Umständen hunderte Einträge erzeugt werden.</label>
			<label index="importdata_thisOptionRequiresThat">Diese Option verlangt, dass die zu importierende Struktur bereits auf dem Server existiert und nur mit dem neuen Inhalt aktualisiert werden soll!</label>
			<label index="importdata_title">Titel:</label>
			<label index="importdata_update">Aktualisierung:</label>
			<label index="importdata_update_299e">Aktualisierung</label>
			<label index="importdata_updateRecords">Datensätze aktualisieren</label>
			<label index="importdata_upload">Hochladen</label>
			<label index="importdata_uploadFileFromLocal">Importdatei übertragen:</label>
			<label index="importdata_uploadStatus">Status Hochladen:</label>
			<label index="importdata_writeIndividualDbActions">Alle während des Importvorgangs auftretenden Datenbankaktionen aufzeichnen</label>
			<label index="makeadvanc_excludeHtmlCssFile">HTML/CSS-Dateien ausschließen:</label>
			<label index="makeadvanc_extensionDependencies">Abhängigkeiten von Erweiterungen:</label>
			<label index="makeadvanc_selectExtensionsThatThe">Erweiterungen auswählen, von denen der exportierte Inhalt abhängig ist:</label>
			<label index="makeadvanc_softReferences">Soft-References:</label>
			<label index="makeadvanc_update">Aktualisieren</label>
			<label index="makeconfig_1Level">1 Ebene</label>
			<label index="makeconfig_2Levels">2 Ebenen</label>
			<label index="makeconfig_3Levels">3 Ebenen</label>
			<label index="makeconfig_4Levels">4 Ebenen</label>
			<label index="makeconfig_anSqlQueryReturned">Eine SQL-Abfrage erbrachte genau den voreingestellten Höchstwert (LIMIT %s) - das könnte bedeuten, dass nicht alle Datensätze vollständig selektiert wurden! Vergewissern Sie sich, dass das absichtlich geschah.</label>
			<label index="makeconfig_clearAllExclusions">Alle Ausschlüsse zurücksetzen:</label>
			<label index="makeconfig_excludeElements">Elemente ausschließen:</label>
			<label index="makeconfig_expandedTree">Erweiterter Baum</label>
			<label index="makeconfig_exportPagetreeConfiguration">Exporteinstellungen für Seitenbaum:</label>
			<label index="makeconfig_exportSingleRecord">Einzelnen Datensatz exportieren:</label>
			<label index="makeconfig_exportTablesFromPages">Tabellen von Seiten exportieren:</label>
			<label index="makeconfig_includeRelationsToTables">Relationen zu Tabellen einschließen:</label>
			<label index="makeconfig_includeTables">Einzuschließende Tabellen:</label>
			<label index="makeconfig_infinite">Unendlich</label>
			<label index="makeconfig_levels">Ebenen:</label>
			<label index="makeconfig_maxNumberOfRecords">Höchstwert für Datensätze:</label>
			<label index="makeconfig_noExcludedElementsYet">Bis jetzt noch keine Ausschlüsse. Markieren Sie auszuschließende in der folgenden Übersicht.</label>
			<label index="makeconfig_noTreeExportedOnly">Kein Baum exportiert - nur Tabellen auf dieser Seite.</label>
			<label index="makeconfig_onlyThisPage">Nur diese Seite</label>
			<label index="makeconfig_pageId">Seiten-ID:</label>
			<label index="makeconfig_record">Datensatz:</label>
			<label index="makeconfig_relationsAndExclusions">Relationen und Ausschlüsse:</label>
			<label index="makeconfig_showStaticRelations">Statische Relationen anzeigen:</label>
			<label index="makeconfig_tablePids">Tabellen/PIDs:</label>
			<label index="makeconfig_tablesOnThisPage">Tabellen auf dieser Seite</label>
			<label index="makeconfig_tree">Baum:</label>
			<label index="makeconfig_useStaticRelationsFor">Statische Relationen von Tabellen verwenden:</label>
			<label index="makesavefo_areYouSure">Vorgang tatsächlich fortführen?</label>
			<label index="makesavefo_delete">Löschen</label>
			<label index="makesavefo_description">Beschreibung:</label>
			<label index="makesavefo_downloadExport">Exportdatei herunterladen</label>
			<label index="makesavefo_fileFormat">Dateiformat:</label>
			<label index="makesavefo_filenameSavedInS">Dateiname (gespeichert in "%s"):</label>
			<label index="makesavefo_load">Laden</label>
			<label index="makesavefo_maxSizeOfFiles">Größenbeschränkung (kB) für Dateien:</label>
			<label index="makesavefo_merge">Zusammenführen</label>
			<label index="makesavefo_metaData">Metadaten:</label>
			<label index="makesavefo_notes">Anmerkungen:</label>
			<label index="makesavefo_outputOptions">Ausgabeoptionen:</label>
			<label index="makesavefo_presets">Voreinstellungen:</label>
			<label index="makesavefo_public">Öffentlich:</label>
			<label index="makesavefo_save">Speichern</label>
			<label index="makesavefo_selectPreset">Voreinstellung laden:</label>
			<label index="makesavefo_t3dFile">T3D-Datei</label>
			<label index="makesavefo_t3dFileCompressed">T3D-Datei/komprimiert</label>
			<label index="makesavefo_thumbnail">Vorschaubild:</label>
			<label index="makesavefo_title">Titel:</label>
			<label index="makesavefo_titleOfNewPreset">Name der neuen Voreinstellung:</label>
			<label index="makesavefo_update">Aktualisieren</label>
			<label index="makesavefo_uploadThumbnail">Vorschaubild hochladen:</label>
			<label index="makesavefo_xml">XML</label>
			<label index="tableselec_configuration">Konfiguration</label>
			<label index="title">Import/Export</label>
		</languageKey>
  </data>
</T3locallangExt>
