<?xml version="1.0" encoding="UTF-8"?>
<T3locallangExt>
  <data type="array">
    <languageKey index="de" type="array">
      <label index="option_tx_openid_openid.alttitle">OpenID-Identifikation</label>
      <label index="option_tx_openid_openid.description">Geben Sie Ihre OpenID-Identifikation ein, wenn Sie sich per OpenID im Backend anmelden können möchten.</label>
      <label index="option_tx_openid_openid.details">Bei OpenID handelt es sich um ein offenes System für das Anmelden an Websites mit nur einem einzigen Passwort (des OpenID-Providers). Wenn Sie sich am TYPO3-Backend anmelden möchten, geben Sie hier Ihre OpenID-Identifikation ein. Es ist eine URL, die mit http:// oder https:// beginnt.</label>
      <label index="option_tx_openid_openid.seeAlso">http://openid.net | http://openid.net/</label>
    </languageKey>
  </data>
</T3locallangExt>
