<?xml version="1.0" encoding="UTF-8"?>
<T3locallangExt>
  <data type="array">
    <languageKey index="de" type="array">
			<label index="About">Über</label>
			<label index="About HTMLArea">Über htmlArea RTE</label>
			<label index="Absbottom">Absolut unten</label>
			<label index="Absmiddle">Absolut zentriert</label>
			<label index="Alignment:">Ausrichtung:</label>
			<label index="Alignment not set">Nicht gewählt</label>
			<label index="All rights reserved.">Alle Rechte vorbehalten.</label>
			<label index="Alternate text:">Alternativer Text:</label>
			<label index="Baseline">Grundlinie</label>
			<label index="Block style label">Blockstil:</label>
			<label index="Border">Rahmen</label>
			<label index="Border thickness:">Rahmenstärke:</label>
			<label index="Bottom">Unten</label>
			<label index="Browser support">Browser-Unterstützung</label>
			<label index="Cancel">Abbrechen</label>
			<label index="Cell padding:">Textabstand:</label>
			<label index="Cell spacing:">Zellenabstand:</label>
			<label index="Center">Zentriert</label>
			<label index="Close">Schließen</label>
			<label index="Cols:">Spalten:</label>
			<label index="Delete">Löschen</label>
			<label index="Developer">Entwickler</label>
			<label index="Dimension">Größe</label>
			<label index="Em">Em</label>
			<label index="Enter the image URL here">Geben Sie die URL des Bildes hier ein</label>
			<label index="Float:">Umfließen:</label>
			<label index="For browsers that dont support images">Für Browser, die keine Bildanzeige unterstützen</label>
			<label index="free_editor">Ein in TYPO3 integrierter, freier WYSIWYG-Editor für &lt;textarea&gt;-Felder.</label>
			<label index="General">Allgemein</label>
			<label index="Horizontal:">Horizontal:</label>
			<label index="Horizontal padding">Horizontaler Abstand</label>
			<label index="htmlArea License (based on BSD license)">htmlArea RTE Lizenz, basiert auf der BSD-Lizenz</label>
			<label index="Image alignment:">Bildausrichtung:</label>
			<label index="Image Preview">Bildvorschau</label>
			<label index="Image URL:">Bild-URL:</label>
			<label index="image_url_first">Sie müssen zuerst die Bild-URL eingeben</label>
			<label index="image_url_required">Sie müssen die Bild-URL eingeben</label>
			<label index="Insert Custom Element">Benutzerdefiniertes Element einfügen</label>
			<label index="Insert image">Bild einfügen</label>
			<label index="Insert Image">Bild einfügen</label>
			<label index="Insert link">Link einfügen</label>
			<label index="Insert/Modify Acronym">Akronym oder Abkürzung einfügen/bearbeiten</label>
			<label index="Insert/Modify Link">Link einfügen/verändern</label>
			<label index="Insert Table">Tabelle einfügen</label>
			<label index="Justify">Blocksatz</label>
			<label index="Language">Sprache</label>
			<label index="Language:">Sprache:</label>
			<label index="Layout">Layout</label>
			<label index="Leave empty for no border">Geben Sie keinen Wert ein, wenn Sie keinen Rahmen wünschen</label>
			<label index="Left">Links</label>
			<label index="LeftToRight">Links nach rechts</label>
			<label index="License">Lizenz</label>
			<label index="link_href_tooltip">Geben Sie die Link-URL hier ein</label>
			<label index="link_target_tooltip">Wählen Sie den Namen des Ziel-Frames</label>
			<label index="link_title_tooltip">Geben Sie die Link-Kurzinfo hier ein</label>
			<label index="link_url_required">Bitte geben Sie die URL ein, auf die dieser Link zeigt</label>
			<label index="Middle">Mitte</label>
			<label index="Modify image">Bild verändern</label>
			<label index="Modify link">Link verändern</label>
			<label index="Mozilla_or_IE">Für Firefox 1.5+, SeaMonkey 1.0+, Safari 3.0.4+, Google Chrome 1.0+ und Opera 9.62+ (jede Plattform) oder Internet Explorer 9.0+ (Windows).</label>
			<label index="Name">Name</label>
			<label index="No language mark">Keine Sprache</label>
			<label index="Non-floating">Nicht umfließen</label>
			<label index="No plugins have been loaded.">Keine Plug-Ins geladen.</label>
			<label index="Not set">Nicht gesetzt</label>
			<label index="Number of columns">Anzahl Spalten</label>
			<label index="Number of rows">Anzahl Zeilen</label>
			<label index="OK">OK</label>
			<label index="Percent">Prozent</label>
			<label index="Pixels">Pixel</label>
			<label index="Plugins">Plug-Ins</label>
			<label index="Positioning of this image">Position dieses Bildes</label>
			<label index="Preview">Vorschau</label>
			<label index="Preview the image in a new window">Betrachten Sie eine Vorschau des Bildes in einem neuen Fenster</label>
			<label index="product_documentation">Weitere Informationen erhalten Sie unter:</label>
			<label index="Remove language mark">Sprache entfernen</label>
			<label index="Right">Rechts</label>
			<label index="RightToLeft">Rechts nach links</label>
			<label index="Rows:">Zeilen:</label>
			<label index="Select Color">Wählen Sie eine Farbe</label>
			<label index="Space between adjacent cells">Der Abstand zwischen benachbarten Zellen</label>
			<label index="Space between content and border in cell">Der Abstand zwischen dem Inhalt und dem Rand einer Zelle</label>
			<label index="Spacing and padding">Zwischenraum</label>
			<label index="Sponsored by">Gesponsort von</label>
			<label index="statusBarReady">Bereit</label>
			<label index="statusBarStyle">Stil</label>
			<label index="style">Absatz:</label>
			<label index="Target:">Ziel:</label>
			<label index="target_blank">Neues Fenster (_blank)</label>
			<label index="target_none">Keines (benutze impliziertes Ziel)</label>
			<label index="target_other">Anderer Frame</label>
			<label index="target_self">Gleicher Frame (_self)</label>
			<label index="target_top">Top-Frame (_top)</label>
			<label index="Text alignment">Textausrichtung</label>
			<label index="Text direction">Textrichtung</label>
			<label index="Text direction:">Textrichtung:</label>
			<label index="text_style">Textstil:</label>
			<label index="Texttop">Text Oben</label>
			<label index="The following plugins have been loaded.">Die folgenden Plug-Ins sind geladen.</label>
			<label index="Title (tooltip):">Titel (Kurzinfo):</label>
			<label index="Top">Oben</label>
			<label index="URL:">URL:</label>
			<label index="User agent reports:">Browserinformationen:</label>
			<label index="Vertical:">Vertikal:</label>
			<label index="Vertical padding">Vertikaler Abstand</label>
			<label index="Where the image should float">Legt fest, wo das Bild schweben soll</label>
			<label index="Where the table should float">Wo soll die Tabelle schweben</label>
			<label index="Width:">Breite:</label>
			<label index="Width of the table">Breite der Tabelle</label>
			<label index="Width unit">Einheit</label>
			<label index="word">Wort</label>
			<label index="words">Worte</label>
			<label index="You must enter a number of columns">Sie müssen eine Anzahl Spalten eingeben</label>
			<label index="You must enter a number of rows">Sie müssen eine Anzahl Zeilen angeben</label>
		</languageKey>
  </data>
</T3locallangExt>
