<?xml version="1.0" encoding="UTF-8"?>
<T3locallangExt>
  <data type="array">
    <languageKey index="de" type="array">
			<label index="tsconfig_edit.alttitle">Betrachter für Inhalte der Seiten-TSconfig</label>
			<label index="tsconfig_edit.description">Zeigt den uninterpretierten TSconfig-Quelltext aller Seiten innerhalb der gewählten Root-Line (inklusive aller Standardwerte).</label>
			<label index="tsconfig_edit.details">Der ausgewertete Seiten-TSconfig-Baum, welchen Sie in der Standardansicht sehen, wird eigentlich aus dem hier angezeigten Seiten-TSconfig-Quelltext und in dieser Reihenfolge gebildet. Somit können Sie ersehen, wie der vollständig ausgewerteten Seiten-TSconfig-Baum zustande kam. Mit einem Mausklick auf das Bearbeitungssymbol gelangen Sie direkt zu den Seiten-TSconfig-Feldern der entsprechenden Seiten.</label>
			<label index="_tsconfig_edit.image">EXT:info_pagetsconfig/cshimages/img_3.png,
EXT:info_pagetsconfig/cshimages/img_4.png,
EXT:info_pagetsconfig/cshimages/img_5.png</label>
			<label index="tsconfig_edit.image_descr">Zeigt den uninterpretierten Seiten-TSconfig-Quelltext. Zuerst werden die Standardwerte aus TYPO3_CONF_VARS angezeigt (diese können aus Erweiterungen stammen), dann der Inhalt des TSconfig-Feldes der ersten Seite innerhalb der Root-Line (in diesem Fall der "Intro"-Seite) und dann der Quelltext aller Seiten innerhalb der Root-Line bis zur gewählten Seite (hier nicht abgebildet). Am Ende der Seite wird das Bearbeitungssysmbol angezeigt, welches Sie durch Anklicken direkt zum TSconfig-Feld der entsprechenden Seite bringt! Hier sehen Sie die TSconfig-Felder der ersten und zweiten Seite innerhalb der Root-Line. Beachten Sie das Symbol "TS" neben dem ersten Feld. Mit einem Klick können Sie einen Assistenten aufrufen, der Ihnen die an dieser Stelle erlaubten Seiten-TSconfig-Optionen erklärt.</label>
			<label index="_tsconfig_edit.seeAlso">_MOD_web_info:tsconfig_hierarchy</label>
			<label index="tsconfig_hierarchy.alttitle">Betrachter für Hierarchie der Seiten-TSconfig</label>
			<label index="tsconfig_hierarchy.description">Zeigt dem Benutzer eine Übersicht der TSconfig-Struktur, nachdem alle relavanten TSconfig-Konfigurationen für diesen Teil des Seitenbaumes eingelesen wurden.</label>
			<label index="tsconfig_hierarchy.details">Diese Übersicht ist unverzichtbar, wenn Sie sich einen Überblick über die TSconfig-Werte für die verschiedenen Bereiche des Seitenbaumes verschaffen wollen. Hier können Sie sich direkt die Konfigurationsstruktur jeder Seite anzeigen lassen, und zwar nachdem alle Seiten-TSconfig-Werte (inklusive der geerbten) eingelesen und ausgewertet wurden. Dies hilft Ihnen dabei zu überprüfen, ob die von Ihnen gesetzten Werte auch wirklich für die Seite übernommen wurden und sich an der richtigen Stelle des Konfigurationsbaumes befinden. Zudem können Sie sich auch den Seiten-TSconfig-TypoScript-Quelltext für jede Seite, die sich innerhalb der Root-Line befindet, anzeigen lassen. Lesen Sie die unten aufgeführten Dokumente, um mehr über die Seiten-TSconfig zu erfahren.</label>
			<label index="_tsconfig_hierarchy.image">EXT:info_pagetsconfig/cshimages/img_1.png,
EXT:info_pagetsconfig/cshimages/img_2.png,</label>
			<label index="tsconfig_hierarchy.image_descr">So könnte der vollständig ausgewertete Seiten-TSconfig-Baum für eine "Intro"-Seite aussehen. Dieser Baum bildet die Summe aller Konfigurationseinstellungen aus der Root-Line und den Standardwerten. Hier sehen Sie den kompletten Baum abgebildet, Sie können sich aber auch andere Top-Level-Objekte (TLO) mit Hilfe des Auswahlfeldes anzeigen lassen, wenn Sie sich nur für Teilbereiche interessieren.</label>
			<label index="_tsconfig_hierarchy.seeAlso">_MOD_web_info:tsconfig_edit, pages:TSconfig, Seiten-TSconfig-Objekte | http://typo3.org/documentation/document-library/doc_core_tsconfig/Page_TSconfig/</label>
		</languageKey>
  </data>
</T3locallangExt>
