<?xml version="1.0" encoding="UTF-8"?>
<T3locallangExt>
  <data type="array">
    <languageKey index="de" type="array">
			<label index="Address">Adresse</label>
			<label index="deprecatedPropertyMessage">Die Seiten-TSconfig-Eigenschaft "%1$s" auf Seiten-ID #%4$s ist DEPRECATED und wird in TYPO3 %3$s entfernt. Nutzen Sie stattdessen "%2$s".</label>
			<label index="Heading 1">Überschrift 1</label>
			<label index="Heading 2">Überschrift 2</label>
			<label index="Heading 3">Überschrift 3</label>
			<label index="Heading 4">Überschrift 4</label>
			<label index="Heading 5">Überschrift 5</label>
			<label index="Heading 6">Überschrift 6</label>
			<label index="No font">Keine Schriftart</label>
			<label index="Normal">Normal</label>
			<label index="No size">Keine Schriftgröße</label>
			<label index="Please wait">Der Editor wird geladen. Bitte warten...</label>
			<label index="Preformatted">Vorformatiert</label>
			<label index="rteHeight">Höhe des RTE in Pixel oder Prozent</label>
			<label index="rteMaxHeight">Maximale Höhe des in der Größe veränderlichen RTE</label>
			<label index="rteResize">Größe des RTE veränderlich machen</label>
			<label index="rteSettings">Rich-Text-Editor</label>
			<label index="rteWidth">Breite des RTE in Pixel oder Prozent</label>
		</languageKey>
  </data>
</T3locallangExt>
